{
"lengthUnit": "mil",
"components": {
	"fields": ["COMPONENT_NO", "COMPONENT_NAME", "LAYER", "X_COORDINATE", "Y_COORDINATE", "ANGLE"],
	"rows": [
		[1, "C1", "T", 38, 645, 270],
		[2, "C2", "T", 738, 486, 180],
		[3, "C3", "T", 735, 703.54, 180],
		[4, "C4", "T", 549.01, 494.28, 180],
		[5, "C5", "T", 571.01, 685.28, 180],
		[6, "C6", "T", 616, 809, 90],
		[7, "C7", "T", 647, 493, 0],
		[8, "C8", "T", 40, 164, 270],
		[9, "C9", "T", 40, 80, 90],
		[10, "C10", "T", 39.9, 362.67, 90],
		[11, "C11", "T", 113, 63, 180],
		[12, "D1", "T", 38, 562, 270],
		[13, "D2", "T", 876, 810, 90],
		[14, "D3", "T", 834.09, 809.72, 90],
		[15, "D4", "T", 726, 810, 90],
		[16, "D5", "T", 801, 810, 90],
		[17, "D6", "T", 652, 811, 90],
		[18, "D7", "T", 694, 810, 90],
		[19, "FPC1", "T", 636, 184, 0],
		[20, "LDO1", "T", 737, 597, 0],
		[21, "LED2", "T", 676, 411, 0],
		[22, "LED3", "T", 245.12, 59.31, 0],
		[23, "R1", "T", 116, 644, 90],
		[24, "R2", "T", 635, 648, 90],
		[25, "R3", "T", 141, 644, 90],
		[26, "R4", "T", 635, 589, 90],
		[27, "R5", "T", 393, 636, 90],
		[28, "R6", "T", 635, 544, 90],
		[29, "R8", "T", 643, 462, 0],
		[30, "R9", "T", 165, 63, 90],
		[31, "R10", "T", 653, 755, 0],
		[32, "R11", "T", 839, 759, 0],
		[33, "R12", "T", 706, 360, 0],
		[34, "SIM1", "T", 276, 924, 180],
		[35, "SW1", "T", 860, 381, 0],
		[36, "U1", "T", 255.69, 526.48, 180],
		[37, "U2", "T", 553.42, 592.53, 0],
		[38, "U3", "T", 897, 576, 0],
		[39, "U4", "T", 169, 253, 180],
		[40, "USB1", "T", 765, 1000, 180]
	]
},
"pins": {
	"fields": ["PIN_NO", "PIN_NAME", "PIN_X", "PIN_Y", "LAYER", "PIN_TYPE", "NET_NAME", "NET_TYPE", "PAD_SHAPE", "PAD_SIZEX", "PAD_SIZEY", "HOLE_SIZE", "PAD_ANGLE"],
	"rows": [
		[1, "C1_1", 38, 665, "T", "SMD", "GND", "GND", "R", 22, 22, 0, 270],
		[2, "C1_2", 38, 625, "T", "SMD", "VCC-CARD", "", "R", 22, 22, 0, 270],
		[3, "C2_2", 708.47, 486, "T", "SMD", "VBUS-USB", "", "R", 33.47, 33.47, 0, 180],
		[4, "C2_1", 767.53, 486, "T", "SMD", "GND", "GND", "R", 33.47, 33.47, 0, 180],
		[5, "C3_2", 705.47, 703.54, "T", "SMD", "VCC-3V3-LDO", "", "R", 33.47, 33.47, 0, 180],
		[6, "C3_1", 764.53, 703.54, "T", "SMD", "GND", "GND", "R", 33.47, 33.47, 0, 180],
		[7, "C4_1", 569, 494.28, "T", "SMD", "GND", "GND", "R", 22, 22, 0, 180],
		[8, "C4_2", 529, 494.28, "T", "SMD", "VCC-READ", "", "R", 22, 22, 0, 180],
		[9, "C5_1", 591, 685.28, "T", "SMD", "GND", "GND", "R", 22, 22, 0, 180],
		[10, "C5_2", 551, 685.28, "T", "SMD", "VBUS-USB", "", "R", 22, 22, 0, 180],
		[11, "C6_1", 616, 789, "T", "SMD", "GND", "GND", "R", 22, 22, 0, 90],
		[12, "C6_2", 616, 829, "T", "SMD", "VBUS-USB", "", "R", 22, 22, 0, 90],
		[13, "C7_1", 627, 493, "T", "SMD", "GND", "GND", "R", 22, 22, 0, 0],
		[14, "C7_2", 667, 493, "T", "SMD", "VBUS-USB", "", "R", 22, 22, 0, 0],
		[15, "C8_1", 40, 184, "T", "SMD", "GND", "GND", "R", 22, 22, 0, 270],
		[16, "C8_2", 40, 144, "T", "SMD", "VDD-3V3", "", "R", 22, 22, 0, 270],
		[17, "C9_1", 40, 60, "T", "SMD", "GND", "GND", "R", 22, 22, 0, 90],
		[18, "C9_2", 40, 100.01, "T", "SMD", "VDD-3V3", "", "R", 22, 22, 0, 90],
		[19, "C10_1", 39.9, 342.68, "T", "SMD", "GND", "GND", "R", 22, 22, 0, 90],
		[20, "C10_2", 39.9, 382.68, "T", "SMD", "VCC-3V3-CARD", "", "R", 22, 22, 0, 90],
		[21, "C11_1", 132.99, 63, "T", "SMD", "GND", "GND", "R", 22, 22, 0, 180],
		[22, "C11_2", 93, 63, "T", "SMD", "VCC-READ", "", "R", 22, 22, 0, 180],
		[23, "D1_1", 38, 587, "T", "SMD", "VCC-CARD", "", "R", 23.62, 14.17, 0, 90],
		[24, "D1_2", 38, 537, "T", "SMD", "VCC-3V3-CARD", "", "R", 23.62, 14.17, 0, 90],
		[25, "D2_2", 876, 826.4, "T", "SMD", "CPUX-RX", "", "R", 19.89, 21.68, 0, 90],
		[26, "D2_1", 876, 793.6, "T", "SMD", "GND", "GND", "R", 19.89, 21.68, 0, 90],
		[27, "D3_2", 834.09, 826.13, "T", "SMD", "CC1", "", "R", 19.89, 21.68, 0, 90],
		[28, "D3_1", 834.09, 793.32, "T", "SMD", "GND", "GND", "R", 19.89, 21.68, 0, 90],
		[29, "D4_2", 726, 826.4, "T", "SMD", "USB0-DP", "", "R", 19.89, 21.68, 0, 90],
		[30, "D4_1", 726, 793.6, "T", "SMD", "GND", "GND", "R", 19.89, 21.68, 0, 90],
		[31, "D5_2", 801, 826.4, "T", "SMD", "USB0-DM", "", "R", 19.89, 21.68, 0, 90],
		[32, "D5_1", 801, 793.6, "T", "SMD", "GND", "GND", "R", 19.89, 21.68, 0, 90],
		[33, "D6_2", 652, 827.4, "T", "SMD", "CC2", "", "R", 19.89, 21.68, 0, 90],
		[34, "D6_1", 652, 794.6, "T", "SMD", "GND", "GND", "R", 19.89, 21.68, 0, 90],
		[35, "D7_2", 694, 826.4, "T", "SMD", "CPUX-TX", "", "R", 19.89, 21.68, 0, 90],
		[36, "D7_1", 694, 793.6, "T", "SMD", "GND", "GND", "R", 19.89, 21.68, 0, 90],
		[37, "FPC1_1", 458.85, 235.18, "T", "SMD", "GND", "GND", "R", 19.68, 49.21, 0, 0],
		[38, "FPC1_2", 498.19, 235.19, "T", "SMD", "SDC-TF-D2", "", "R", 19.68, 49.21, 0, 0],
		[39, "FPC1_3", 537.54, 235.19, "T", "SMD", "SDC-TF-D3", "", "R", 19.68, 49.21, 0, 0],
		[40, "FPC1_4", 576.94, 235.19, "T", "SMD", "SDC-TF-CMD", "", "R", 19.68, 49.21, 0, 0],
		[41, "FPC1_5", 616.29, 235.19, "T", "SMD", "VCC-CARD", "", "R", 19.68, 49.21, 0, 0],
		[42, "FPC1_6", 655.64, 235.19, "T", "SMD", "SDC-TF-CLK", "", "R", 19.68, 49.21, 0, 0],
		[43, "FPC1_11", 352.54, 132.82, "T", "SMD", "GND", "GND", "R", 78.74, 86.61, 0, 0],
		[44, "FPC1_7", 695.04, 235.19, "T", "SMD", "GND", "GND", "R", 19.68, 49.21, 0, 0],
		[45, "FPC1_8", 734.39, 235.19, "T", "SMD", "SDC-TF-D0", "", "R", 19.68, 49.21, 0, 0],
		[46, "FPC1_9", 773.79, 235.19, "T", "SMD", "SDC-TF-D1", "", "R", 19.68, 49.21, 0, 0],
		[47, "FPC1_10", 813.14, 235.19, "T", "SMD", "SDC-TF-DET", "", "R", 19.68, 49.21, 0, 0],
		[48, "FPC1_12", 919.46, 132.82, "T", "SMD", "GND", "GND", "R", 78.74, 86.61, 0, 0],
		[49, "LDO1_1", 699.6, 551.58, "T", "SMD", "VBUS-USB", "", "R", 19.29, 45.55, 0, 0],
		[50, "LDO1_2", 737, 551.58, "T", "SMD", "GND", "GND", "R", 19.29, 45.55, 0, 0],
		[51, "LDO1_3", 774.4, 551.58, "T", "SMD", "VBUS-USB", "", "R", 19.29, 45.55, 0, 0],
		[52, "LDO1_5", 699.6, 642.42, "T", "SMD", "VCC-3V3-LDO", "", "R", 19.29, 46.26, 0, 0],
		[53, "LED2_1", 642.5, 410.6, "T", "SMD", "$1N4433", "", "R", 31.5, 31.5, 0, 90],
		[54, "LED2_2", 705.5, 410.8, "T", "SMD", "VCC-3V3-LDO", "", "R", 31.5, 31.5, 0, 90],
		[55, "LED3_1", 211.62, 58.91, "T", "SMD", "$1N4375", "", "R", 31.5, 31.5, 0, 90],
		[56, "LED3_2", 274.62, 59.11, "T", "SMD", "VDD-3V3", "", "R", 31.5, 31.5, 0, 90],
		[57, "R1_2", 116, 653.51, "T", "SMD", "GND", "GND", "R", 11.93, 12.76, 0, 90],
		[58, "R1_1", 116, 634.49, "T", "SMD", "SEL", "", "R", 11.93, 12.76, 0, 90],
		[59, "R2_2", 635, 657.51, "T", "SMD", "READ-VCC-EN", "", "R", 11.93, 12.76, 0, 90],
		[60, "R2_1", 635, 638.49, "T", "SMD", "GND", "GND", "R", 11.93, 12.76, 0, 90],
		[61, "R3_2", 141, 653.51, "T", "SMD", "VCC-3V3-LDO", "", "R", 11.93, 12.76, 0, 90],
		[62, "R3_1", 141, 634.49, "T", "SMD", "SEL1", "", "R", 11.93, 12.76, 0, 90],
		[63, "R4_2", 635, 598.51, "T", "SMD", "GND", "GND", "R", 11.93, 12.76, 0, 90],
		[64, "R4_1", 635, 579.49, "T", "SMD", "$1N1961", "", "R", 11.93, 12.76, 0, 90],
		[65, "R5_2", 393, 645.51, "T", "SMD", "VCC-3V3-LDO", "", "R", 11.93, 12.76, 0, 90],
		[66, "R5_1", 393, 626.49, "T", "SMD", "EN", "", "R", 11.93, 12.76, 0, 90],
		[67, "R6_2", 635, 553.51, "T", "SMD", "$1N1961", "", "R", 11.93, 12.76, 0, 90],
		[68, "R6_1", 635, 534.49, "T", "SMD", "GND", "GND", "R", 11.93, 12.76, 0, 90],
		[69, "R8_2", 652.51, 462, "T", "SMD", "SEL1-LED", "", "R", 11.93, 12.76, 0, 0],
		[70, "R8_1", 633.49, 462, "T", "SMD", "$1N4433", "", "R", 11.93, 12.76, 0, 0],
		[71, "R9_2", 165, 72.51, "T", "SMD", "LED-READ", "", "R", 11.93, 12.76, 0, 90],
		[72, "R9_1", 165, 53.49, "T", "SMD", "$1N4375", "", "R", 11.93, 12.76, 0, 90],
		[73, "R10_2", 662.51, 755, "T", "SMD", "CC2", "", "R", 11.93, 12.76, 0, 0],
		[74, "R10_1", 643.49, 755, "T", "SMD", "GND", "GND", "R", 11.93, 12.76, 0, 0],
		[75, "R11_2", 848.51, 759, "T", "SMD", "CC1", "", "R", 11.93, 12.76, 0, 0],
		[76, "R11_1", 829.49, 759, "T", "SMD", "GND", "GND", "R", 11.93, 12.76, 0, 0],
		[77, "R12_2", 715.51, 360, "T", "SMD", "SEL-BTN", "", "R", 11.93, 12.76, 0, 0],
		[78, "R12_1", 696.49, 360, "T", "SMD", "VCC-3V3-LDO", "", "R", 11.93, 12.76, 0, 0],
		[79, "SIM1_10", 55.63, 1133.15, "T", "SMD", "GND", "GND", "R", 61.02, 53.15, 0, 180],
		[80, "SIM1_9", 503.27, 1126.26, "T", "SMD", "GND", "GND", "R", 46.06, 70.87, 0, 180],
		[81, "SIM1_14", 421.56, 713.86, "T", "SMD", "GND", "GND", "R", 74.8, 53.15, 0, 180],
		[82, "SIM1_13", 186.53, 713.86, "T", "SMD", "GND", "GND", "R", 74.8, 53.15, 0, 180],
		[83, "SIM1_12", 48.73, 752.24, "T", "SMD", "GND", "GND", "R", 47.24, 39.37, 0, 180],
		[84, "SIM1_11", 48.74, 897.91, "T", "SMD", "SDC-CARD-DET", "", "R", 47.24, 39.37, 0, 180],
		[85, "SIM1_8", 455.63, 1134.13, "T", "SMD", "SDC-CARD-D1", "", "R", 27.56, 47.24, 0, 180],
		[86, "SIM1_7", 412.32, 1134.13, "T", "SMD", "SDC-CARD-D0", "", "R", 27.56, 47.24, 0, 180],
		[87, "SIM1_6", 369.02, 1134.13, "T", "SMD", "GND", "GND", "R", 27.56, 47.24, 0, 180],
		[88, "SIM1_5", 325.71, 1134.13, "T", "SMD", "SDC-CARD-CLK", "", "R", 27.56, 47.24, 0, 180],
		[89, "SIM1_4", 282.4, 1134.13, "T", "SMD", "VCC-CARD", "", "R", 27.56, 47.24, 0, 180],
		[90, "SIM1_3", 239.09, 1134.13, "T", "SMD", "SDC-CARD-CMD", "", "R", 27.56, 47.24, 0, 180],
		[91, "SIM1_2", 195.79, 1134.13, "T", "SMD", "SDC-CARD-D3", "", "R", 27.56, 47.24, 0, 180],
		[92, "SIM1_1", 152.47, 1134.13, "T", "SMD", "SDC-CARD-D2", "", "R", 27.56, 47.24, 0, 180],
		[93, "SW1_1", 777.32, 423.32, "T", "SMD", "SEL-BTN", "", "R", 41.34, 27.56, 0, 0],
		[94, "SW1_2", 942.68, 423.32, "T", "SMD", "SEL-BTN", "", "R", 41.34, 27.56, 0, 0],
		[95, "SW1_3", 777.32, 338.68, "T", "SMD", "GND", "GND", "R", 41.34, 27.56, 0, 0],
		[96, "SW1_4", 942.68, 338.68, "T", "SMD", "GND", "GND", "R", 41.34, 27.56, 0, 0],
		[97, "U1_1", 413.07, 591.74, "T", "SMD", "VCC-3V3-LDO", "", "R", 11.02, 26.18, 0, 180],
		[98, "U1_2", 393.39, 591.74, "T", "SMD", "EN", "", "R", 11.02, 26.18, 0, 180],
		[99, "U1_6", 314.65, 591.74, "T", "SMD", "SDC-CARD-D1", "", "R", 11.02, 26.18, 0, 180],
		[100, "U1_7", 294.96, 591.74, "T", "SMD", "SDC-CARD-D0", "", "R", 11.02, 26.18, 0, 180],
		[101, "U1_8", 275.28, 591.74, "T", "SMD", "SDC-CARD-CLK", "", "R", 11.02, 26.18, 0, 180],
		[102, "U1_10", 235.91, 591.74, "T", "SMD", "SDC-CARD-CMD", "", "R", 11.02, 26.18, 0, 180],
		[103, "U1_11", 216.22, 591.74, "T", "SMD", "SDC-CARD-D3", "", "R", 11.02, 26.18, 0, 180],
		[104, "U1_12", 196.54, 591.74, "T", "SMD", "SDC-CARD-D2", "", "R", 11.02, 26.18, 0, 180],
		[105, "U1_16", 117.8, 591.74, "T", "SMD", "SEL1", "", "R", 11.02, 26.18, 0, 180],
		[106, "U1_17", 98.11, 591.74, "T", "SMD", "SEL", "", "R", 11.02, 26.18, 0, 180],
		[107, "U1_23", 117.8, 461.23, "T", "SMD", "SDC-READ-D2", "", "R", 11.02, 26.18, 0, 180],
		[108, "U1_24", 137.48, 461.23, "T", "SMD", "SDC-READ-D3", "", "R", 11.02, 26.18, 0, 180],
		[109, "U1_25", 157.17, 461.23, "T", "SMD", "SDC-READ-CMD", "", "R", 11.02, 26.18, 0, 180],
		[110, "U1_26", 176.85, 461.23, "T", "SMD", "SDC-READ-CLK", "", "R", 11.02, 26.18, 0, 180],
		[111, "U1_27", 196.54, 461.23, "T", "SMD", "SDC-READ-D0", "", "R", 11.02, 26.18, 0, 180],
		[112, "U1_28", 216.22, 461.23, "T", "SMD", "SDC-READ-D1", "", "R", 11.02, 26.18, 0, 180],
		[113, "U1_32", 294.96, 461.23, "T", "SMD", "SDC-TF-D2", "", "R", 11.02, 26.18, 0, 180],
		[114, "U1_33", 314.65, 461.23, "T", "SMD", "SDC-TF-D3", "", "R", 11.02, 26.18, 0, 180],
		[115, "U1_34", 334.33, 461.23, "T", "SMD", "SDC-TF-CMD", "", "R", 11.02, 26.18, 0, 180],
		[116, "U1_35", 354.02, 461.23, "T", "SMD", "SDC-TF-CLK", "", "R", 11.02, 26.18, 0, 180],
		[117, "U1_36", 373.7, 461.23, "T", "SMD", "SDC-TF-D0", "", "R", 11.02, 26.18, 0, 180],
		[118, "U1_37", 393.39, 461.23, "T", "SMD", "SDC-TF-D1", "", "R", 11.02, 26.18, 0, 180],
		[119, "U1_43", 255.59, 526.48, "T", "SMD", "GND", "GND", "R", 297.24, 80.71, 0, 180],
		[120, "U2_1", 516.02, 547.11, "T", "SMD", "VCC-READ", "", "R", 19.29, 45.55, 0, 0],
		[121, "U2_2", 553.42, 547.11, "T", "SMD", "GND", "GND", "R", 19.29, 45.55, 0, 0],
		[122, "U2_3", 590.82, 547.11, "T", "SMD", "$1N1961", "", "R", 19.29, 45.55, 0, 0],
		[123, "U2_4", 590.82, 637.95, "T", "SMD", "READ-VCC-EN", "", "R", 19.29, 46.26, 0, 0],
		[124, "U2_5", 516.02, 637.95, "T", "SMD", "VBUS-USB", "", "R", 19.29, 46.26, 0, 0],
		[125, "U3_1", 867.47, 520.59, "T", "SMD", "SEL1-LED", "", "R", 11.02, 26.18, 0, 0],
		[126, "U3_2", 887.16, 520.59, "T", "SMD", "VBUS-USB", "", "R", 11.02, 26.18, 0, 0],
		[127, "U3_3", 906.84, 520.59, "T", "SMD", "SEL-BTN", "", "R", 11.02, 26.18, 0, 0],
		[128, "U3_4", 926.53, 520.59, "T", "SMD", "GND", "GND", "R", 11.02, 26.18, 0, 0],
		[129, "U3_5", 926.53, 631.41, "T", "SMD", "CPUX-RX", "", "R", 11.02, 26.18, 0, 0],
		[130, "U3_6", 906.84, 631.41, "T", "SMD", "CPUX-TX", "", "R", 11.02, 26.18, 0, 0],
		[131, "U3_7", 887.16, 631.41, "T", "SMD", "SEL", "", "R", 11.02, 26.18, 0, 0],
		[132, "U3_8", 867.47, 631.41, "T", "SMD", "READ-VCC-EN", "", "R", 11.02, 26.18, 0, 0],
		[133, "U3_9", 897, 576, "T", "SMD", "GND", "GND", "R", 96.46, 64.96, 0, 0],
		[134, "U4_9", 81.5, 148.48, "T", "SMD", "VDD-3V3", "", "O", 14, 71.45, 0, 180],
		[135, "U4_10", 106.5, 148.48, "T", "SMD", "VCC-READ", "", "O", 14, 71.45, 0, 180],
		[136, "U4_11", 131.5, 148.48, "T", "SMD", "GND", "GND", "O", 14, 71.45, 0, 180],
		[137, "U4_12", 156.5, 148.48, "T", "SMD", "LED-READ", "", "O", 14, 71.45, 0, 180],
		[138, "U4_13", 181.5, 148.48, "T", "SMD", "VDD-3V3", "", "O", 14, 71.45, 0, 180],
		[139, "U4_14", 206.5, 148.48, "T", "SMD", "GND", "GND", "O", 14, 71.45, 0, 180],
		[140, "U4_15", 231.5, 148.48, "T", "SMD", "USB0-DP", "", "O", 14, 71.45, 0, 180],
		[141, "U4_16", 256.5, 148.48, "T", "SMD", "USB0-DM", "", "O", 14, 71.45, 0, 180],
		[142, "U4_8", 81.5, 357.52, "T", "SMD", "VCC-3V3-CARD", "", "O", 14, 71.45, 0, 180],
		[143, "U4_7", 106.5, 357.52, "T", "SMD", "SDC-READ-D2", "", "O", 14, 71.45, 0, 180],
		[144, "U4_6", 131.5, 357.52, "T", "SMD", "SDC-READ-D3", "", "O", 14, 71.45, 0, 180],
		[145, "U4_5", 156.5, 357.52, "T", "SMD", "SDC-READ-CMD", "", "O", 14, 71.45, 0, 180],
		[146, "U4_4", 181.5, 357.52, "T", "SMD", "SDC-READ-CLK", "", "O", 14, 71.45, 0, 180],
		[147, "U4_3", 206.5, 357.52, "T", "SMD", "SDC-READ-D0", "", "O", 14, 71.45, 0, 180],
		[148, "U4_2", 231.5, 357.52, "T", "SMD", "SDC-READ-D1", "", "O", 14, 71.45, 0, 180],
		[149, "U4_1", 256.5, 357.52, "T", "SMD", "GND", "GND", "O", 14, 71.45, 0, 180],
		[150, "USB1_A1B12", 891.97, 899.71, "T", "SMD", "GND", "GND", "R", 21.65, 57.09, 0, 180],
		[151, "USB1_B1A12", 638.03, 899.71, "T", "SMD", "GND", "GND", "R", 21.65, 57.09, 0, 180],
		[152, "USB1_A4B9", 861.46, 899.71, "T", "SMD", "VBUS-USB", "", "R", 21.65, 57.09, 0, 180],
		[153, "USB1_B8", 833.9, 899.71, "T", "SMD", "CPUX-RX", "", "R", 11.81, 57.09, 0, 180],
		[154, "USB1_A5", 814.21, 899.71, "T", "SMD", "CC1", "", "R", 11.81, 57.09, 0, 180],
		[155, "USB1_B7", 794.53, 899.71, "T", "SMD", "USB0-DM", "", "R", 11.81, 57.09, 0, 180],
		[156, "USB1_A6", 774.84, 899.71, "T", "SMD", "USB0-DP", "", "R", 11.81, 57.09, 0, 180],
		[157, "USB1_A7", 755.16, 899.71, "T", "SMD", "USB0-DM", "", "R", 11.81, 57.09, 0, 180],
		[158, "USB1_B6", 735.47, 899.71, "T", "SMD", "USB0-DP", "", "R", 11.81, 57.09, 0, 180],
		[159, "USB1_A8", 715.79, 899.71, "T", "SMD", "CPUX-TX", "", "R", 11.81, 57.09, 0, 180],
		[160, "USB1_B5", 696.1, 899.71, "T", "SMD", "CC2", "", "R", 11.81, 57.09, 0, 180],
		[161, "USB1_B4A9", 668.54, 899.71, "T", "SMD", "VBUS-USB", "", "R", 21.65, 57.09, 0, 180],
		[162, "USB1_12", 935.08, 935.72, "T", "DIP", "GND", "GND", "O", 39.37, 82.68, 66.93, 180],
		[163, "USB1_12", 935.08, 935.72, "B", "DIP", "GND", "GND", "O", 39.37, 82.68, 66.93, 180],
		[164, "USB1_13", 594.92, 935.73, "T", "DIP", "GND", "GND", "O", 39.37, 82.68, 66.93, 180],
		[165, "USB1_13", 594.92, 935.73, "B", "DIP", "GND", "GND", "O", 39.37, 82.68, 66.93, 180],
		[166, "USB1_14", 935.08, 1100.3, "T", "DIP", "GND", "GND", "O", 39.37, 62.99, 47.24, 180],
		[167, "USB1_14", 935.08, 1100.3, "B", "DIP", "GND", "GND", "O", 39.37, 62.99, 47.24, 180],
		[168, "USB1_15", 594.92, 1100.3, "T", "DIP", "GND", "GND", "O", 39.37, 62.99, 47.24, 180],
		[169, "USB1_15", 594.92, 1100.3, "B", "DIP", "GND", "GND", "O", 39.37, 62.99, 47.24, 180]
	]
}
}